Email,etiqueta
"Ha ganado (500,000.00 dólares) de la Lotería Nacional del Reino Unido, responda para reclamar su precio.",phishing
"CÁMARAS DE JOHN ALBERT
DIRECCIÓN: MORELEY HOUSE, 26/30
VIABULT HOLLBORN
LONDRES EC 1 A2BP, Reino Unido
TEL: + (44) -7520-636-234
 


NOTIFICACIÓN DE LEGADO
 
Soy el abogado John Albert, en nombre de los Fideicomisarios y el Ejecutor de la herencia del difunto Sr. Harley Graham Wade, se me asignó contactarlo y notificarlo ya que mi carta anterior fue devuelta sin entregar. El Sr. Harley Graham Wade dejó la suma de tres millones quinientas mil libras (3,500,000.00 GBP) para usted en un número de cuenta bancaria: 30207712320 con CREDIT SUISSE BANK aquí en Londres, Reino Unido.

En el codicilo y último testamento de su VOLUNTAD bajo mi custodia. Hasta su muerte, fue una gran filantropía que le valió numerosos premios durante su vida. El fallecido Sr. Harley Graham Wade murió el 13 de diciembre de 2012 a la edad de 75 años, y sus fondos ahora están listos para la ejecución. Según él, este dinero es para apoyar actividades humanitarias y ayudar a los pobres, los necesitados y los indigentes de nuestra sociedad a su manera.

Por favor, trate de contactarme lo antes posible si me encuentro con usted esta vez, ya que tengo esperanzas, para permitirme concluir mi trabajo. Al responder a este correo electrónico, deberá actualizar el siguiente formulario para que pueda contactarlo y también enviarle el ""FORMULARIO DE SOLICITUD DE CERTIFICADO DE DEBIDA DILIGENCIA"" que deberá completar y enviar a la Cámara y al Banco de Depósito de Seguridad para reclamos correctos.
 
1. Nombre completo: ____________________
2. Dirección: ______________________
3. Ocupación: ___________________
4. País de residencia: _________
5. Tel: __________________________
6. Edad: __________________________
7. Nacionalidad: __________________
 
Esta es mi dirección de contacto de correo electrónico personal:JohnAlbertChambers@legislator.com
Contácteme tan pronto como lea este correo electrónico para que podamos continuar con el envío y la obtención de la documentación legal que respalde la recepción de estos fondos. Espero tener noticias tuyas en poco tiempo.

Barr John Albert {Esq.}
Abogado a cargo.",phishing
"Estimado usuario de cuenta de correo electrónico:

         Debido a tantos correos basura, actualmente estamos
actualizando nuestra base de datos para brindarle un mejor servicio.

Para continuar usando su cuenta, debe responder a este correo
electrónico proporcionando la siguiente información a continuación:

Nombres completos: 
Email: 
Nombre de usuario: 
Contraseña: 
Confirmar contraseña: 
Tel: 

Nota: Si no responde a este mensaje, su cuenta se desactivará desde
nuestra base de datos y ya no recibirá ni enviará correos electrónicos.

Nos disculpamos por cualquier inconveniente que esto pueda causarle.

Saludos,

Administrador Sistema.",phishing
"Como parte de nuestra decisión de mejorar nuestros servicios contra cualquier tratamiento de virus, debe actualizar su interfaz de correo electrónico dentro de las próximas 24 horas para permitirnos eliminar el virus HKN de su correo electrónico. Completa tu proceso.
Email :
Nombre de usuario
Contraseña:
Vuelva a escribir la contraseña
Advertencia El incumplimiento determinará su cuenta de correo electrónico.",phishing
"Como parte de nuestra decisión de mejorar nuestros servicios de correo web, debe actualizar para una nueva interfaz de correo web para las próximas 4 horas. HAGA CLIC AQUÍ y complete la información correctamente. Advertencia: si no se actualiza, su cuenta de correo web se desactivará y suspenderá con 4 horas",phishing
"ID de Apple bloqueado
Su ID de Apple ha sido bloqueada por razones de seguridad. 19 de enero, 2020 PST, para desbloquearlo, debes verificar tu identidad.

no puede acceder a su cuenta ni a ningún servicio de Apple antes de completar la verificación, y debe completar la verificación antes de las 12 horas o su cuenta se bloqueará permanentemente.

Desbloquear cuenta.",phishing
"Pago automático.
Hola cliente
Su pago automático no puede procesarse.
Su período de suscripción finalizará el viernes 24 de enero de 2020.
Haga clic aquí para actualizar su método de pago
actualice su método de pago para continuar con la función de Netflix.
El equipo de Netflix",phishing
"shandella_1997 ¡SE NECESITA confirmación!
¡¡DARSE PRISA!! ¡OFERTA POR TIEMPO LIMITADO!
Parece que hay algo mal con su correo electrónico porque nosotros
he tratado de contactarte varias veces la semana pasada.
Usted es elegido en nuestro sorteo anual para el consumidor para obtener un premio gratis como agradecimiento por ser actual o
Cliente fiel anterior.

Para calificar para esta oferta especial, simplemente complete nuestro marketing de 30 segundos
encuesta sobre sus experiencias de compra",phishing
"Asunto : Su tarjeta será suspendida

Remitente : Servicio al cliente.
Estimado Cliente ,
Estamos teniendo problemas para verificar la información de su tarjeta de crédito.
Lo invitamos a corregir este problema haciendo clic en el enlace de abajo y siguiendo las instrucciones :
Haga clic aqui,y iniciar sesion en su cuenta",phishing
"Su dirección de correo electrónico ha sido seleccionada como uno de nuestros afortunados ganadores para recibir una donación en efectivo de $ 850000 USD. Para más detalles, escríbanos",phishing
"PayPal viernes, 17 de enero de 2020, 21:43:12 PM PDT Número de recibo: SE09157472768465

Hola,
Ha enviado un pago de $ 134.90 USD a Oracle cloud, inc.
Tenga en cuenta que esta transacción puede tardar unos minutos en aparecer en la descripción general de su cuenta.
Ver los detalles de esta transacción en línea.
Si no fue usted quien realizó esta transacción, puede disputar la transacción haciendo clic en resolver ahora",phishing
"Querido

Su factura NET acaba de llegar y para ver todos los detalles simplemente abra el documento adjunto a este correo electrónico.

A continuación se muestra un resumen con la información principal. Y tenga la seguridad de que su pago de débito automático ya está programado. ",phishing
"Esta es mi merecida oportunidad para finalmente conocer a alguien para pasar muchas horas y días juntos.
http://www.bbatsonjohn60.xyz
 
Paola",phishing
"Estimado cliente

Su cuenta de PayPal se utilizó para iniciar sesión en el nuevo dispositivo y realizar un pago a través de Google Play Store

Este es el detalle de tu actividad.
Artículo: apalancamiento en la muerte
Dispositivo: Linux, Android-Samsung S9 Plus
Fecha: jueves 13 de septiembre de 2018

Cantidad total del pedido $ 17.99
Ubicación: Alburque Nuevo México, Estados Unidos
Dirección IP: 112.4.27.105

Si no realizó esta compra, informe este problema y cancele el pago en:",phishing
"Estimado, cliente,
Estamos teniendo problemas para verificar la información de su tarjeta de crédito.
Lo invitamos a corregir este problema haciendo click en el enlace de abajo y siguiendo las siguientes instruccions:
Haga clic aqui y iniciar sesión en su cuenta.",phishing
¿Estás en linea?,
"Estimado empleado, personal.

Estamos migrando toda la cuenta de correo electrónico del personal al correo web de la oficina Outlook 2020 del personal y, como tal, todo el personal y los empleados activos deben verificar e iniciar sesión para que esta actualización y migración surtan efecto ahora.
Esto se hace para mejorar la seguridad y la eficiencia debido a los recientes correos no deseados recibidos.

Por favor, todo el personal y los empleados Haga clic aquí Cambiar a Outlook Webmail 2020 para el personal

Tenga en cuenta que este cambio en Outlook es para todos los usuarios de correo electrónico en este servicio y, si no lo hace,
comenzaremos a desactivar y eliminar cuentas de correo electrónico no verificadas e inactivas sin más demora en las próximas 24 horas.
POR FAVOR HAGA LAS ASESORACIONES ANTERIORES.

Saludos,
Administrador de correo electrónico externo,
Servicio de Outlook para personal y servicio de internet
Copyright2020.",phishing
"Estimado Cliente:

Le informamos que su cuenta fue bloqueada, debido a que no a actualizado o activado sus alertas bbva.

Para poder desbloquear imediatamente su tarjeta y poder seguir disfrutando los servicios de bbva.mx y bbva.movil es necesario ingresar al portal de bbva y hacer el proceso de activación o actualización de Alertas BBVA",phishing
